{"_wandb":{"runtime":2748},"win":99,"loss":1,"tie":0,"_timestamp":1.7361472085194914e+09,"_runtime":2747.8456622,"_step":1498}