{"_step":298,"win":98,"loss":2,"tie":0,"_wandb":{"runtime":2538},"_timestamp":1.7412564780762012e+09,"_runtime":2532.2570664}