{"tie":0,"_timestamp":1.736144294321098e+09,"_runtime":639.4458729,"_step":298,"win":99,"loss":1,"_wandb":{"runtime":640}}