{"lose":48,"tie":0,"_wandb":{"runtime":980},"loss":0.08916135132312775,"_timestamp":1.7394449268778424e+09,"_runtime":978.8464007,"_step":198,"win":52}