{"loss":20,"tie":0,"_timestamp":1.7391720986829886e+09,"_wandb":{"runtime":2422},"_runtime":2417.7329508,"_step":298,"win":80}