{"_runtime":1396.4467509,"_step":298,"win":91,"loss":9,"tie":0,"_timestamp":1.7412503217052631e+09,"_wandb":{"runtime":1399}}